"DESCRIPTION","DURATION IN MS","NAME","PARENT SUITE","START TIME","STATUS","STOP TIME","SUB SUITE","SUITE","TEST CLASS","TEST METHOD"
"Проверка, что при попытке авторизации без пароля возвращается ошибка 401 с сообщением 'email or password are incorrect'","194","Авторизация без пароля","tests","2026-05-11","passed","2026-05-11","TestLogin","test_login","",""
"Проверка, что НЕ авторизованный пользователь НЕ может создать заказ c невалидным хэшом ингредиентов, возвращается код ошибки 500","188","Создание заказа без авторизации и невалидным хэшом ингрелиентов","tests","2026-05-11","passed","2026-05-11","TestCreateOrder","test_create_order","",""
"Проверка, что при попытке авторизации с данными несуществующего пользователя возвращается ошибка 401 с сообщением 'Учетная запись не найдена'","206","Авторизация несуществующего пользователя","tests","2026-05-11","passed","2026-05-11","TestLogin","test_login","",""
"Проверка, что при попытке авторизации без email возвращается ошибка 401 с сообщением 'email or password are incorrect'","268","Авторизация без email","tests","2026-05-11","passed","2026-05-11","TestLogin","test_login","",""
"Проверка, что при попытке авторизации с неправильным email возвращается ошибка 401 с сообщением 'email or password are incorrect'","194","Авторизация с неверным email","tests","2026-05-11","passed","2026-05-11","TestLogin","test_login","",""
"Проверка, что система не позволяет создать пользователя при отсутствии обязательного поля email, система возвращает ошибку 403","199","Ошибка при отсутствии почты","tests","2026-05-11","passed","2026-05-11","TestCreateUser","test_create_user","",""
"Успешная регистрация пользователя с валидными данными: проверка возврата токенов и корректных данных пользователя","285","Создание пользователя успешно","tests","2026-05-11","passed","2026-05-11","TestCreateUser","test_create_user","",""
"Проверка, что при успешном входе в систему возвращается корректный ответ с токенами и данными пользователя","268","Проверка успешной авторизации","tests","2026-05-11","passed","2026-05-11","TestLogin","test_login","",""
"Проверка, что авторизованный пользователь НЕ может создать заказ c невалидным хэшом ингредиентов, возвращается код ошибки 500","188","Создание заказа с авторизацией, и невалидным хэшом ингрелиентов","tests","2026-05-11","passed","2026-05-11","TestCreateOrder","test_create_order","",""
"Проверка, что авторизованный пользователь может создать заказ с валидными ингредиентами","3641","Создание заказа с авторизацией и с ингредиентами","tests","2026-05-11","passed","2026-05-11","TestCreateOrder","test_create_order","",""
"Проверка, что НЕ авторизованный пользователь НЕ может создать заказ без ингредиентов, возвращается код ошибки 400","206","Создание заказа без авторизации и без ингредиентов","tests","2026-05-11","passed","2026-05-11","TestCreateOrder","test_create_order","",""
"Проверка, что авторизованный пользователь НЕ может создать заказ без ингредиентов, возвращается код ошибки 400","195","Создание заказа с авторизацией, но без ингредиентами","tests","2026-05-11","passed","2026-05-11","TestCreateOrder","test_create_order","",""
"Проверка, что система не позволяет создать пользователя при отсутствии обязательного поля Имя, система возвращает ошибку 403","188","Ошибка при отсутствии имени","tests","2026-05-11","passed","2026-05-11","TestCreateUser","test_create_user","",""
"Проверка, что НЕ авторизованный пользователь может создать заказ с валидными ингредиентами","199","Создание заказа без авторизации и с ингредиентами","tests","2026-05-11","passed","2026-05-11","TestCreateOrder","test_create_order","",""
"Проверка, что при попытке авторизации с неправильным паролем возвращается ошибка 401 с сообщением 'email or password are incorrect'","270","Авторизация с неверным паролем","tests","2026-05-11","passed","2026-05-11","TestLogin","test_login","",""
"Проверка, что система не позволяет создать пользователя с уже существующим email. Ожидается ошибка 403","503","Нельзя создать пользователя, который уже зарегистрирован","tests","2026-05-11","passed","2026-05-11","TestCreateUser","test_create_user","",""
"Проверка, что система не позволяет создать пользователя при отсутствии обязательного поля password, система возвращает ошибку 403","199","Ошибка при отсутствии пароля","tests","2026-05-11","passed","2026-05-11","TestCreateUser","test_create_user","",""
